TE0,TE1,TL0,TL1,TimeSyncsReceived,EmotiBitStartTime, EmotiBitEndTime, DataParserVersion
301556.000000,470319.000000,1713793799.118428,1713793967.883928,39,300490,499719,1.11.1