TE0,TE1,TL0,TL1,TimeSyncsReceived,EmotiBitStartTime, EmotiBitEndTime, DataParserVersion
268412.000000,396685.000000,1729244893.500764,1729245021.773144,32,263816,431953,1.11.1