TE0,TE1,TL0,TL1,TimeSyncsReceived,EmotiBitStartTime, EmotiBitEndTime, DataParserVersion
1900147.000000,2038504.000000,1731071864.671584,1731072003.030593,34,1.89825e+06,2.07425e+06,1.11.1