TE0,TE1,TL0,TL1,TimeSyncsReceived,EmotiBitStartTime, EmotiBitEndTime, DataParserVersion
216569.000000,508728.000000,1716209203.802137,1716209495.964550,71,207708,572805,1.11.1