{
    "0": 16.8,
    "1": 18.000000000000004,
    "2": 14.399999999999999,
    "3": 9.6,
    "4": 16.8,
    "5": 9.6,
    "6": 8.0,
    "7": 8.0,
    "8": 8.0,
    "9": 8.0,
    "10": 8.0,
    "11": 8.0,
    "12": 8.0,
    "13": 8.0,
    "14": 8.0,
    "15": 8.0,
    "16": 8.0,
    "17": 8.0,
    "18": 8.0,
    "19": 8.0,
    "20": 8.0,
    "21": 8.0,
    "22": 8.0,
    "23": 8.0
}