TE0,TE1,TL0,TL1,TimeSyncsReceived,EmotiBitStartTime, EmotiBitEndTime, DataParserVersion
128910.000000,379651.000000,1713788002.554054,1713788253.298271,65,121013,455394,1.11.1