{
    "calm_values": [
        {
            "segment": 4,
            "timestamp": 42.39717364311218,
            "HRV": 302.2526536966494
        },
        {
            "segment": 5,
            "timestamp": 50.23091435432434,
            "HRV": 273.83693444578785
        },
        {
            "segment": 6,
            "timestamp": 54.267088174819946,
            "HRV": 302.04304329019067
        }
    ]
}